# BRD-030 three-way comparison. Generated by compare.py; do not edit.
case	quantity	family	class	kerotakis	kerotakis_status	feos	feos_status	referee	referee_status	referee_source	feos_gross2002	adapter	dev_kero_vs_feos	dev_feos_vs_referee	dev_kero_vs_referee
acetone	pcrit_kpa	vle	coverage-gap		unavailable	5682.36	ok	4692.4	ok	chemicals.Pc (experimental)				0.174216	
acetone	tboil_c	vle	agree	56.174	ok	56.0998	ok	56.0749	ok	chemicals.Tb (experimental normal boiling point)			0.0741842	0.0248981	0.0990824
acetone	tcrit_k	vle	coverage-gap		unavailable	520.939	ok	508.1	ok	chemicals.Tc (experimental)				0.024646	
acetone-chloroform@flash	vapour_fraction	vle	coverage-gap		unavailable		unavailable		-						
acetone-chloroform@x1=0.1	tbub_c	vle	coverage-gap		unavailable	61.9992	ok	62.453	ok	oracle-unifac-corr				0.453761	
acetone-chloroform@x1=0.1	y1	vle	coverage-gap		unavailable	0.0709874	ok	0.0677707	ok	oracle-unifac-corr				0.00321668	
acetone-chloroform@x1=0.3	tbub_c	vle	coverage-gap		unavailable	63.825	ok	64.2782	ok	oracle-unifac-corr				0.453149	
acetone-chloroform@x1=0.3	y1	vle	coverage-gap		unavailable	0.265144	ok	0.276637	ok	oracle-unifac-corr				0.011493	
acetone-chloroform@x1=0.5	tbub_c	vle	coverage-gap		unavailable	64.1427	ok	63.9083	ok	oracle-unifac-corr				0.234394	
acetone-chloroform@x1=0.5	y1	vle	coverage-gap		unavailable	0.524598	ok	0.54942	ok	oracle-unifac-corr				0.0248228	
acetone-chloroform@x1=0.7	tbub_c	vle	coverage-gap		unavailable	62.0405	ok	61.3478	ok	oracle-unifac-corr				0.692696	
acetone-chloroform@x1=0.7	y1	vle	coverage-gap		unavailable	0.781557	ok	0.790877	ok	oracle-unifac-corr				0.00932031	
acetone-chloroform@x1=0.9	tbub_c	vle	coverage-gap		unavailable	58.1317	ok	57.8196	ok	oracle-unifac-corr				0.312131	
acetone-chloroform@x1=0.9	y1	vle	coverage-gap		unavailable	0.953029	ok	0.949647	ok	oracle-unifac-corr				0.00338184	
acetone-ethanoic-acid@flash	vapour_fraction	vle	single-phase-refusal	0	ok		unavailable		-						
acetone-ethanoic-acid@x1=0.1	tbub_c	vle	agree	104.906	ok	105.025	ok	104.906	ok	oracle-unifac-kero		105.025	0.119275	0.119275	0
acetone-ethanoic-acid@x1=0.1	y1	vle	feos-difference	0.404942	ok	0.381713	ok	0.404942	ok	oracle-unifac-kero			0.0232284	0.0232284	0
acetone-ethanoic-acid@x1=0.3	tbub_c	vle	feos-difference	85.9818	ok	88.3784	ok	85.9818	ok	oracle-unifac-kero		88.3784	2.39668	2.39668	0
acetone-ethanoic-acid@x1=0.3	y1	vle	feos-difference	0.765322	ok	0.728769	ok	0.765322	ok	oracle-unifac-kero			0.0365532	0.0365532	0
acetone-ethanoic-acid@x1=0.5	tbub_c	vle	feos-difference	73.215	ok	76.0022	ok	73.215	ok	oracle-unifac-kero		76.0022	2.78721	2.78721	0
acetone-ethanoic-acid@x1=0.5	y1	vle	agree	0.900553	ok	0.881861	ok	0.900553	ok	oracle-unifac-kero			0.0186918	0.0186918	0
acetone-ethanoic-acid@x1=0.7	tbub_c	vle	feos-difference	64.4734	ok	66.3746	ok	64.4734	ok	oracle-unifac-kero		66.3746	1.90121	1.90121	0
acetone-ethanoic-acid@x1=0.7	y1	vle	agree	0.958954	ok	0.954925	ok	0.958954	ok	oracle-unifac-kero			0.004029	0.004029	0
acetone-ethanoic-acid@x1=0.9	tbub_c	vle	agree	58.5899	ok	59.0471	ok	58.5899	ok	oracle-unifac-kero		59.0471	0.457211	0.457211	0
acetone-ethanoic-acid@x1=0.9	y1	vle	agree	0.988019	ok	0.98994	ok	0.988019	ok	oracle-unifac-kero			0.00192058	0.00192058	0
acetone-ethanol@flash	vapour_fraction	vle	single-phase-refusal	1	ok		unavailable		-						
acetone-ethanol@x1=0.1	tbub_c	vle	feos-difference	71.956	ok	72.9984	ok	71.956	ok	oracle-unifac-kero		72.9984	1.0424	1.0424	0
acetone-ethanol@x1=0.1	y1	vle	feos-difference	0.29948	ok	0.265206	ok	0.29948	ok	oracle-unifac-kero			0.0342737	0.0342737	0
acetone-ethanol@x1=0.3	tbub_c	vle	feos-difference	64.8024	ok	66.0369	ok	64.8024	ok	oracle-unifac-kero		66.0369	1.23451	1.23451	0
acetone-ethanol@x1=0.3	y1	vle	agree	0.572695	ok	0.553777	ok	0.572695	ok	oracle-unifac-kero			0.0189181	0.0189181	0
acetone-ethanol@x1=0.5	tbub_c	vle	agree	61.0164	ok	61.6351	ok	61.0164	ok	oracle-unifac-kero		61.6351	0.618758	0.618758	0
acetone-ethanol@x1=0.5	y1	vle	agree	0.708458	ok	0.714073	ok	0.708458	ok	oracle-unifac-kero			0.00561447	0.00561447	0
acetone-ethanol@x1=0.7	tbub_c	vle	agree	58.5625	ok	58.6781	ok	58.5625	ok	oracle-unifac-kero		58.6781	0.11558	0.11558	0
acetone-ethanol@x1=0.7	y1	vle	agree	0.812125	ok	0.825471	ok	0.812125	ok	oracle-unifac-kero			0.0133459	0.0133459	0
acetone-ethanol@x1=0.9	tbub_c	vle	agree	56.7918	ok	56.6787	ok	56.7918	ok	oracle-unifac-kero		56.6787	0.113149	0.113149	0
acetone-ethanol@x1=0.9	y1	vle	agree	0.926172	ok	0.929471	ok	0.926172	ok	oracle-unifac-kero			0.00329869	0.00329869	0
acetone-methanol@flash	vapour_fraction	vle	single-phase-refusal	1	ok		unavailable		-						
acetone-methanol@x1=0.1	tbub_c	vle	agree	61.4995	ok	62.0151	ok	61.4995	ok	oracle-unifac-kero		62.0151	0.515549	0.515549	0
acetone-methanol@x1=0.1	y1	vle	agree	0.197156	ok	0.18216	ok	0.197156	ok	oracle-unifac-kero			0.014996	0.014996	0
acetone-methanol@x1=0.3	tbub_c	vle	agree	57.9724	ok	58.3403	ok	57.9724	ok	oracle-unifac-kero		58.3403	0.367951	0.367951	0
acetone-methanol@x1=0.3	y1	vle	agree	0.430716	ok	0.432477	ok	0.430716	ok	oracle-unifac-kero			0.00176072	0.00176072	0
acetone-methanol@x1=0.5	tbub_c	vle	agree	56.1868	ok	56.1847	ok	56.1868	ok	oracle-unifac-kero		56.1847	0.0021923	0.0021923	0
acetone-methanol@x1=0.5	y1	vle	agree	0.582722	ok	0.598304	ok	0.582722	ok	oracle-unifac-kero			0.0155815	0.0155815	0
acetone-methanol@x1=0.7	tbub_c	vle	agree	55.3747	ok	55.0936	ok	55.3747	ok	oracle-unifac-kero		55.0936	0.281171	0.281171	9.99997e-10
acetone-methanol@x1=0.7	y1	vle	agree	0.719518	ok	0.73253	ok	0.719518	ok	oracle-unifac-kero			0.0130117	0.0130117	0
acetone-methanol@x1=0.9	tbub_c	vle	agree	55.5267	ok	55.1249	ok	55.5267	ok	oracle-unifac-kero		55.1249	0.401798	0.401798	9.99997e-10
acetone-methanol@x1=0.9	y1	vle	agree	0.885699	ok	0.881904	ok	0.885699	ok	oracle-unifac-kero			0.00379497	0.00379497	0
acetone-water@flash	vapour_fraction	vle	oracle-limitation	0.664721	ok	0.650867	ok		-				0.0138539		
acetone-water@x1=0.1	tbub_c	vle	feos-difference	67.7265	ok	71.8056	ok	67.7265	ok	oracle-unifac-kero		71.8056	4.0791	4.0791	0
acetone-water@x1=0.1	y1	vle	feos-difference	0.739991	ok	0.686984	ok	0.739991	ok	oracle-unifac-kero			0.0530069	0.0530069	0
acetone-water@x1=0.3	tbub_c	vle	feos-difference	62.1245	ok	64.3234	ok	62.1245	ok	oracle-unifac-kero		64.3234	2.19891	2.19891	0
acetone-water@x1=0.3	y1	vle	agree	0.808687	ok	0.788957	ok	0.808687	ok	oracle-unifac-kero			0.01973	0.01973	0
acetone-water@x1=0.5	tbub_c	vle	feos-difference	59.9017	ok	61.3864	ok	59.9017	ok	oracle-unifac-kero		61.3864	1.48464	1.48464	0
acetone-water@x1=0.5	y1	vle	agree	0.839856	ok	0.830983	ok	0.839856	ok	oracle-unifac-kero			0.00887308	0.00887308	0
acetone-water@x1=0.7	tbub_c	vle	feos-difference	57.9657	ok	58.9723	ok	57.9657	ok	oracle-unifac-kero		58.9723	1.00659	1.00659	0
acetone-water@x1=0.7	y1	vle	agree	0.876085	ok	0.875409	ok	0.876085	ok	oracle-unifac-kero			0.000676259	0.000676259	0
acetone-water@x1=0.9	tbub_c	vle	agree	56.436	ok	56.8592	ok	56.436	ok	oracle-unifac-kero		56.8592	0.423167	0.423167	9.99997e-10
acetone-water@x1=0.9	y1	vle	agree	0.931501	ok	0.940261	ok	0.931501	ok	oracle-unifac-kero			0.00876035	0.00876035	0
acetone@0C	dhvap_kj_mol	vle	coverage-gap		unavailable	32.8436	ok	32.4585	ok	thermo.EnthalpyVaporization method=HEOS_FIT				0.0117255	
acetone@0C	psat_kpa	vle	agree	9.25836	ok	9.17686	ok	9.29913	ok	thermo.VaporPressure method=HEOS_FIT			0.00880334	0.0131485	0.00438373
acetone@0C	rho_liq_mol_m3	vle	coverage-gap		unavailable	13888.9	ok	13984	ok	thermo.VolumeLiquid method=HEOS_FIT				0.0068025	
acetone@25C	dhvap_kj_mol	vle	coverage-gap		unavailable	31.6569	ok	31.0254	ok	thermo.EnthalpyVaporization method=HEOS_FIT				0.01995	
acetone@25C	psat_kpa	vle	agree	30.6845	ok	30.4846	ok	30.7271	ok	thermo.VaporPressure method=HEOS_FIT			0.00651603	0.00789401	0.00138702
acetone@25C	rho_liq_mol_m3	vle	coverage-gap		unavailable	13433.2	ok	13510.9	ok	thermo.VolumeLiquid method=HEOS_FIT				0.00574843	
acetone@56C	dhvap_kj_mol	vle	coverage-gap		unavailable	30.075	ok	29.1271	ok	thermo.EnthalpyVaporization method=HEOS_FIT				0.0315159	
acetone@56C	psat_kpa	vle	agree	100.726	ok	100.977	ok	101.066	ok	thermo.VaporPressure method=HEOS_FIT			0.00249048	0.000873263	0.00336157
acetone@56C	rho_liq_mol_m3	vle	coverage-gap		unavailable	12850.8	ok	12897	ok	thermo.VolumeLiquid method=HEOS_FIT				0.0035818	
ammonia	pcrit_kpa	vle	coverage-gap		unavailable	15057.1	ok	11363.4	ok	chemicals.Pc (experimental)				0.245312	
ammonia	tboil_c	vle	coverage-gap		unavailable	-33.4336	ok	-33.3157	ok	chemicals.Tb (experimental normal boiling point)				0.117905	
ammonia	tcrit_k	vle	coverage-gap		unavailable	423.884	ok	405.56	ok	chemicals.Tc (experimental)				0.0432295	
ammonia@-33.3C	dhvap_kj_mol	vle	coverage-gap		unavailable	23.8556	ok	23.3254	ok	thermo.EnthalpyVaporization method=HEOS_FIT				0.0222263	
ammonia@-33.3C	psat_kpa	vle	coverage-gap		unavailable	102.012	ok	101.405	ok	thermo.VaporPressure method=HEOS_FIT				0.00595654	
ammonia@-33.3C	rho_liq_mol_m3	vle	coverage-gap		unavailable	39263.9	ok	40023.3	ok	thermo.VolumeLiquid method=HEOS_FIT				0.0189731	
ammonia@-50C	dhvap_kj_mol	vle	coverage-gap		unavailable	24.6488	ok	24.137	ok	thermo.EnthalpyVaporization method=HEOS_FIT				0.0207663	
ammonia@-50C	psat_kpa	vle	coverage-gap		unavailable	40.6686	ok	40.776	ok	thermo.VaporPressure method=HEOS_FIT				0.00263369	
ammonia@-50C	rho_liq_mol_m3	vle	coverage-gap		unavailable	40311.4	ok	41206.5	ok	thermo.VolumeLiquid method=HEOS_FIT				0.0217228	
ammonia@0C	dhvap_kj_mol	vle	coverage-gap		unavailable	22.1929	ok	21.4887	ok	thermo.EnthalpyVaporization method=HEOS_FIT				0.0317323	
ammonia@0C	psat_kpa	vle	coverage-gap		unavailable	434.316	ok	429.248	ok	thermo.VaporPressure method=HEOS_FIT				0.0116688	
ammonia@0C	rho_liq_mol_m3	vle	coverage-gap		unavailable	37094.6	ok	37499.6	ok	thermo.VolumeLiquid method=HEOS_FIT				0.0108021	
ammonia@25C	dhvap_kj_mol	vle	coverage-gap		unavailable	20.7885	ok	19.8545	ok	thermo.EnthalpyVaporization method=HEOS_FIT				0.0449294	
ammonia@25C	psat_kpa	vle	coverage-gap		unavailable	1013.68	ok	1002.7	ok	thermo.VaporPressure method=HEOS_FIT				0.0108414	
ammonia@25C	rho_liq_mol_m3	vle	coverage-gap		unavailable	35328.7	ok	35404.7	ok	thermo.VolumeLiquid method=HEOS_FIT				0.00214468	
butane	pcrit_kpa	vle	coverage-gap		unavailable	4238.08	ok	3796	ok	chemicals.Pc (experimental)				0.104311	
butane	tboil_c	vle	coverage-gap		unavailable	-0.663342	ok	-0.490099	ok	chemicals.Tb (experimental normal boiling point)				0.173243	
butane	tcrit_k	vle	coverage-gap		unavailable	432.998	ok	425.125	ok	chemicals.Tc (experimental)				0.0181822	
butane@-0.5C	dhvap_kj_mol	vle	coverage-gap		unavailable	22.5558	ok	22.4187	ok	thermo.EnthalpyVaporization method=HEOS_FIT				0.00607739	
butane@-0.5C	psat_kpa	vle	coverage-gap		unavailable	101.955	ok	101.287	ok	thermo.VaporPressure method=HEOS_FIT				0.00655634	
butane@-0.5C	rho_liq_mol_m3	vle	coverage-gap		unavailable	10338.2	ok	10345	ok	thermo.VolumeLiquid method=HEOS_FIT				0.000657211	
butane@-20C	dhvap_kj_mol	vle	coverage-gap		unavailable	23.4967	ok	23.3875	ok	thermo.EnthalpyVaporization method=HEOS_FIT				0.00464906	
butane@-20C	psat_kpa	vle	coverage-gap		unavailable	45.5461	ok	45.2126	ok	thermo.VaporPressure method=HEOS_FIT				0.00732106	
butane@-20C	rho_liq_mol_m3	vle	coverage-gap		unavailable	10679.5	ok	10698	ok	thermo.VolumeLiquid method=HEOS_FIT				0.0017321	
butane@25C	dhvap_kj_mol	vle	coverage-gap		unavailable	21.2078	ok	21.0098	ok	thermo.EnthalpyVaporization method=HEOS_FIT				0.00933502	
butane@25C	psat_kpa	vle	coverage-gap		unavailable	244.492	ok	243.292	ok	thermo.VaporPressure method=HEOS_FIT				0.0049093	
butane@25C	rho_liq_mol_m3	vle	coverage-gap		unavailable	9864.54	ok	9855.72	ok	thermo.VolumeLiquid method=HEOS_FIT				0.000894344	
butanone	pcrit_kpa	vle	coverage-gap		unavailable	4831.29	ok	4207	ok	chemicals.Pc (experimental)				0.129218	
butanone	tboil_c	vle	coverage-gap		unavailable	79.5413	ok	79.6	ok	chemicals.Tb (experimental normal boiling point)				0.0586905	
butanone	tcrit_k	vle	coverage-gap		unavailable	546.225	ok	536.7	ok	chemicals.Tc (experimental)				0.0174378	
butanone@25C	dhvap_kj_mol	vle	coverage-gap		unavailable	34.8855	ok	34.6245	ok	thermo.EnthalpyVaporization method=DIPPR_PERRY_8E				0.00748118	
butanone@25C	psat_kpa	vle	coverage-gap		unavailable	12.0708	ok	12.0909	ok	thermo.VaporPressure method=WAGNER_MCGARRY				0.00166559	
butanone@25C	rho_liq_mol_m3	vle	coverage-gap		unavailable	11114.7	ok	11087.3	ok	thermo.VolumeLiquid method=DIPPR_PERRY_8E				0.00246638	
butanone@50C	dhvap_kj_mol	vle	coverage-gap		unavailable	33.5942	ok	33.2831	ok	thermo.EnthalpyVaporization method=DIPPR_PERRY_8E				0.00925979	
butanone@50C	psat_kpa	vle	coverage-gap		unavailable	35.5472	ok	35.5237	ok	thermo.VaporPressure method=WAGNER_MCGARRY				0.000660854	
butanone@50C	rho_liq_mol_m3	vle	coverage-gap		unavailable	10757	ok	10699.5	ok	thermo.VolumeLiquid method=DIPPR_PERRY_8E				0.00534028	
butanone@79.6C	dhvap_kj_mol	vle	coverage-gap		unavailable	31.958	ok	31.5558	ok	thermo.EnthalpyVaporization method=DIPPR_PERRY_8E				0.0125847	
butanone@79.6C	psat_kpa	vle	coverage-gap		unavailable	101.515	ok	101.267	ok	thermo.VaporPressure method=WAGNER_MCGARRY				0.00244613	
butanone@79.6C	rho_liq_mol_m3	vle	coverage-gap		unavailable	10317.2	ok	10216.8	ok	thermo.VolumeLiquid method=DIPPR_PERRY_8E				0.00973207	
carbon-dioxide	pcrit_kpa	vle	coverage-gap		unavailable	8237.96	ok	7377.3	ok	chemicals.Pc (experimental)				0.104475	
carbon-dioxide	tboil_c	vle	coverage-gap		unavailable	-88.3984	ok	-78.48	ok	chemicals.Tb (experimental normal boiling point)				9.91835	
carbon-dioxide	tcrit_k	vle	coverage-gap		unavailable	309.147	ok	304.128	ok	chemicals.Tc (experimental)				0.0162355	
carbon-dioxide-ethanol@flash	vapour_fraction	vle	coverage-gap		unavailable		unavailable		-						
carbon-dioxide-ethanol@x1=0.1	tbub_c	vle	coverage-gap		unavailable	-56.5382	ok		unavailable	oracle-unifac-corr					
carbon-dioxide-ethanol@x1=0.1	y1	vle	coverage-gap		unavailable	0.99992	ok		unavailable	oracle-unifac-corr					
carbon-dioxide-ethanol@x1=0.3	tbub_c	vle	coverage-gap		unavailable	-77.4096	ok		unavailable	oracle-unifac-corr					
carbon-dioxide-ethanol@x1=0.3	y1	vle	coverage-gap		unavailable	0.999996	ok		unavailable	oracle-unifac-corr					
carbon-dioxide-ethanol@x1=0.5	tbub_c	vle	coverage-gap		unavailable	-84.0923	ok		unavailable	oracle-unifac-corr					
carbon-dioxide-ethanol@x1=0.5	y1	vle	coverage-gap		unavailable	0.999999	ok		unavailable	oracle-unifac-corr					
carbon-dioxide-ethanol@x1=0.7	tbub_c	vle	coverage-gap		unavailable	-87.0863	ok		unavailable	oracle-unifac-corr					
carbon-dioxide-ethanol@x1=0.7	y1	vle	coverage-gap		unavailable	0.999999	ok		unavailable	oracle-unifac-corr					
carbon-dioxide-ethanol@x1=0.9	tbub_c	vle	coverage-gap		unavailable	-88.2565	ok		unavailable	oracle-unifac-corr					
carbon-dioxide-ethanol@x1=0.9	y1	vle	coverage-gap		unavailable	1	ok		unavailable	oracle-unifac-corr					
carbon-dioxide@-25C	dhvap_kj_mol	vle	coverage-gap		unavailable	13.1431	ok	12.9064	ok	thermo.EnthalpyVaporization method=HEOS_FIT				0.0180073	
carbon-dioxide@-25C	psat_kpa	vle	coverage-gap		unavailable	1679.35	ok	1682.74	ok	thermo.VaporPressure method=HEOS_FIT				0.00201105	
carbon-dioxide@-25C	rho_liq_mol_m3	vle	coverage-gap		unavailable	23883.3	ok	23953.4	ok	thermo.VolumeLiquid method=HEOS_FIT				0.00292714	
carbon-dioxide@-50C	dhvap_kj_mol	vle	coverage-gap		unavailable	14.9812	ok	14.9516	ok	thermo.EnthalpyVaporization method=HEOS_FIT				0.00197452	
carbon-dioxide@-50C	psat_kpa	vle	coverage-gap		unavailable	684.855	ok	682.342	ok	thermo.VaporPressure method=HEOS_FIT				0.00366961	
carbon-dioxide@-50C	rho_liq_mol_m3	vle	coverage-gap		unavailable	26059.1	ok	26234.2	ok	thermo.VolumeLiquid method=HEOS_FIT				0.0066722	
carbon-dioxide@0C	dhvap_kj_mol	vle	coverage-gap		unavailable	10.577	ok	10.1616	ok	thermo.EnthalpyVaporization method=HEOS_FIT				0.0392761	
carbon-dioxide@0C	psat_kpa	vle	coverage-gap		unavailable	3481.78	ok	3485.14	ok	thermo.VaporPressure method=HEOS_FIT				0.000963428	
carbon-dioxide@0C	rho_liq_mol_m3	vle	coverage-gap		unavailable	21058.2	ok	21073.3	ok	thermo.VolumeLiquid method=HEOS_FIT				0.00071767	
carbon-dioxide@25C	dhvap_kj_mol	vle	coverage-gap		unavailable	6.17134	ok	5.26554	ok	thermo.EnthalpyVaporization method=HEOS_FIT				0.146775	
carbon-dioxide@25C	psat_kpa	vle	coverage-gap		unavailable	6443.3	ok	6434.24	ok	thermo.VaporPressure method=HEOS_FIT				0.00140516	
carbon-dioxide@25C	rho_liq_mol_m3	vle	coverage-gap		unavailable	16481.8	ok	18098.2	ok	thermo.VolumeLiquid method=HEOS_FIT				0.0893142	
chloroform	pcrit_kpa	vle	coverage-gap		unavailable	6173.54	ok	5330	ok	chemicals.Pc (experimental)				0.136639	
chloroform	tboil_c	vle	coverage-gap		unavailable	60.8965	ok	61.2	ok	chemicals.Tb (experimental normal boiling point)				0.30345	
chloroform	tcrit_k	vle	coverage-gap		unavailable	545.075	ok	536.2	ok	chemicals.Tc (experimental)				0.0162826	
chloroform@25C	dhvap_kj_mol	vle	coverage-gap		unavailable	31.5138	ok	31.2953	ok	thermo.EnthalpyVaporization method=DIPPR_PERRY_8E				0.00693365	
chloroform@25C	psat_kpa	vle	coverage-gap		unavailable	26.1928	ok	26.2044	ok	thermo.VaporPressure method=WAGNER_MCGARRY				0.000444918	
chloroform@25C	rho_liq_mol_m3	vle	coverage-gap		unavailable	12701.1	ok	12421.6	ok	thermo.VolumeLiquid method=DIPPR_PERRY_8E				0.0220015	
chloroform@50C	dhvap_kj_mol	vle	coverage-gap		unavailable	30.2862	ok	30.0763	ok	thermo.EnthalpyVaporization method=DIPPR_PERRY_8E				0.00693241	
chloroform@50C	psat_kpa	vle	coverage-gap		unavailable	69.739	ok	69.223	ok	thermo.VaporPressure method=WAGNER_MCGARRY				0.00739882	
chloroform@50C	rho_liq_mol_m3	vle	coverage-gap		unavailable	12305.9	ok	12025	ok	thermo.VolumeLiquid method=DIPPR_PERRY_8E				0.0228307	
chloroform@61.2C	dhvap_kj_mol	vle	coverage-gap		unavailable	29.7203	ok	29.5003	ok	thermo.EnthalpyVaporization method=DIPPR_PERRY_8E				0.00740018	
chloroform@61.2C	psat_kpa	vle	coverage-gap		unavailable	102.343	ok	101.277	ok	thermo.VaporPressure method=WAGNER_MCGARRY				0.0104155	
chloroform@61.2C	rho_liq_mol_m3	vle	coverage-gap		unavailable	12124.9	ok	11840.8	ok	thermo.VolumeLiquid method=DIPPR_PERRY_8E				0.023434	
cyclohexane	pcrit_kpa	vle	coverage-gap		unavailable	4553.55	ok	4080.5	ok	chemicals.Pc (experimental)				0.103887	
cyclohexane	tboil_c	vle	coverage-gap		unavailable	80.943	ok	80.7149	ok	chemicals.Tb (experimental normal boiling point)				0.228021	
cyclohexane	tcrit_k	vle	coverage-gap		unavailable	562.151	ok	553.6	ok	chemicals.Tc (experimental)				0.0152111	
cyclohexane@25C	dhvap_kj_mol	vle	coverage-gap		unavailable	32.8546	ok	33.034	ok	thermo.EnthalpyVaporization method=HEOS_FIT				0.00543009	
cyclohexane@25C	psat_kpa	vle	coverage-gap		unavailable	13.0638	ok	13.0189	ok	thermo.VaporPressure method=HEOS_FIT				0.00343733	
cyclohexane@25C	rho_liq_mol_m3	vle	coverage-gap		unavailable	9170.46	ok	9196.43	ok	thermo.VolumeLiquid method=HEOS_FIT				0.00282355	
cyclohexane@50C	dhvap_kj_mol	vle	coverage-gap		unavailable	31.6454	ok	31.7001	ok	thermo.EnthalpyVaporization method=HEOS_FIT				0.00172678	
cyclohexane@50C	psat_kpa	vle	coverage-gap		unavailable	36.1601	ok	36.2672	ok	thermo.VaporPressure method=HEOS_FIT				0.00295195	
cyclohexane@50C	rho_liq_mol_m3	vle	coverage-gap		unavailable	8899.62	ok	8911.88	ok	thermo.VolumeLiquid method=HEOS_FIT				0.00137609	
cyclohexane@80.7C	dhvap_kj_mol	vle	coverage-gap		unavailable	30.101	ok	29.9921	ok	thermo.EnthalpyVaporization method=HEOS_FIT				0.00361798	
cyclohexane@80.7C	psat_kpa	vle	coverage-gap		unavailable	100.59	ok	101.279	ok	thermo.VaporPressure method=HEOS_FIT				0.00680783	
cyclohexane@80.7C	rho_liq_mol_m3	vle	coverage-gap		unavailable	8556.43	ok	8549.03	ok	thermo.VolumeLiquid method=HEOS_FIT				0.000865163	
ethanoic-acid	pcrit_kpa	vle	coverage-gap		unavailable	9212.91	ok	5780	ok	chemicals.Pc (experimental)				0.37262	
ethanoic-acid	tboil_c	vle	agree	117.883	ok	117.007	ok	117.9	ok	chemicals.Tb (experimental normal boiling point)			0.875593	0.892933	0.0173405
ethanoic-acid	tcrit_k	vle	coverage-gap		unavailable	641.648	ok	590.7	ok	chemicals.Tc (experimental)				0.0794013	
ethanoic-acid-water@flash	vapour_fraction	vle	single-phase-refusal	0	ok		unavailable		-						
ethanoic-acid-water@x1=0.1	tbub_c	vle	agree	98.6853	ok	98.0396	ok	98.6853	ok	oracle-unifac-kero		98.0396	0.645669	0.645669	1e-09
ethanoic-acid-water@x1=0.1	y1	vle	feos-difference	0.122832	ok	0.161864	ok	0.122832	ok	oracle-unifac-kero			0.0390323	0.0390323	0
ethanoic-acid-water@x1=0.3	tbub_c	vle	feos-difference	98.9085	ok	96.3497	ok	98.9085	ok	oracle-unifac-kero		96.3497	2.5588	2.5588	0
ethanoic-acid-water@x1=0.3	y1	vle	feos-difference	0.229336	ok	0.333627	ok	0.229336	ok	oracle-unifac-kero			0.104291	0.104291	0
ethanoic-acid-water@x1=0.5	tbub_c	vle	feos-difference	100.627	ok	96.5023	ok	100.627	ok	oracle-unifac-kero		96.5023	4.12496	4.12496	0
ethanoic-acid-water@x1=0.5	y1	vle	feos-difference	0.325904	ok	0.414979	ok	0.325904	ok	oracle-unifac-kero			0.0890746	0.0890746	0
ethanoic-acid-water@x1=0.7	tbub_c	vle	feos-difference	104.36	ok	97.5367	ok	104.36	ok	oracle-unifac-kero		97.5367	6.82335	6.82335	0
ethanoic-acid-water@x1=0.7	y1	vle	agree	0.47123	ok	0.472611	ok	0.47123	ok	oracle-unifac-kero			0.00138164	0.00138164	0
ethanoic-acid-water@x1=0.9	tbub_c	vle	feos-difference	111.671	ok	100.664	ok	111.671	ok	oracle-unifac-kero		100.664	11.0065	11.0065	0
ethanoic-acid-water@x1=0.9	y1	vle	feos-difference	0.744159	ok	0.561624	ok	0.744159	ok	oracle-unifac-kero			0.182534	0.182534	0
ethanoic-acid@118C	dhvap_kj_mol	vle	parameter-difference		unavailable	38.3767	ok	23.9214	ok	thermo.EnthalpyVaporization method=DIPPR_PERRY_8E	32.9269			0.376668	
ethanoic-acid@118C	psat_kpa	vle	parameter-difference	101.688	ok	104.484	ok	101.752	ok	thermo.VaporPressure method=WAGNER_MCGARRY	98.5654		0.0267577	0.0261464	0.000627704
ethanoic-acid@118C	rho_liq_mol_m3	vle	coverage-gap		unavailable	15492.1	ok	15639.9	ok	thermo.VolumeLiquid method=DIPPR_PERRY_8E	15537.2			0.00944649	
ethanoic-acid@25C	dhvap_kj_mol	vle	parameter-difference		unavailable	43.7524	ok	23.4204	ok	thermo.EnthalpyVaporization method=DIPPR_PERRY_8E	37.7569			0.464705	
ethanoic-acid@25C	psat_kpa	vle	parameter-difference	2.05557	ok	1.94118	ok	2.08175	ok	thermo.VaporPressure method=WAGNER_MCGARRY	2.15215		0.0556452	0.0675247	0.0125794
ethanoic-acid@25C	rho_liq_mol_m3	vle	coverage-gap		unavailable	17103	ok	17351.7	ok	thermo.VolumeLiquid method=DIPPR_PERRY_8E	17067.5			0.0143325	
ethanoic-acid@80C	dhvap_kj_mol	vle	parameter-difference		unavailable	40.56	ok	23.6815	ok	thermo.EnthalpyVaporization method=DIPPR_PERRY_8E	35.114			0.416136	
ethanoic-acid@80C	psat_kpa	vle	agree	27.6003	ok	27.7831	ok	27.5503	ok	thermo.VaporPressure method=WAGNER_MCGARRY	26.5105		0.00657795	0.00837867	0.00181264
ethanoic-acid@80C	rho_liq_mol_m3	vle	coverage-gap		unavailable	16157.9	ok	16377.1	ok	thermo.VolumeLiquid method=DIPPR_PERRY_8E	16199.8			0.0133868	
ethanol	pcrit_kpa	vle	coverage-gap		unavailable	8203.5	ok	6268	ok	chemicals.Pc (experimental)				0.235936	
ethanol	tboil_c	vle	agree	78.3194	ok	78.3995	ok	78.4204	ok	chemicals.Tb (experimental normal boiling point)			0.0800898	0.020976	0.101066
ethanol	tcrit_k	vle	coverage-gap		unavailable	531.516	ok	514.71	ok	chemicals.Tc (experimental)				0.0316197	
ethanol-propan-2-ol@flash	vapour_fraction	vle	single-phase-refusal	0	ok		unavailable		-						
ethanol-propan-2-ol@x1=0.1	tbub_c	vle	agree	81.7941	ok	81.9769	ok	81.7941	ok	oracle-unifac-kero		81.9769	0.182767	0.182767	0
ethanol-propan-2-ol@x1=0.1	y1	vle	agree	0.115878	ok	0.110155	ok	0.115878	ok	oracle-unifac-kero			0.00572369	0.00572369	0
ethanol-propan-2-ol@x1=0.3	tbub_c	vle	agree	80.9388	ok	81.3158	ok	80.9388	ok	oracle-unifac-kero		81.3158	0.377042	0.377042	1e-09
ethanol-propan-2-ol@x1=0.3	y1	vle	agree	0.334975	ok	0.328662	ok	0.334975	ok	oracle-unifac-kero			0.00631299	0.00631299	0
ethanol-propan-2-ol@x1=0.5	tbub_c	vle	agree	80.1331	ok	80.5461	ok	80.1331	ok	oracle-unifac-kero		80.5461	0.412972	0.412972	0
ethanol-propan-2-ol@x1=0.5	y1	vle	agree	0.539235	ok	0.53825	ok	0.539235	ok	oracle-unifac-kero			0.000984584	0.000984584	0
ethanol-propan-2-ol@x1=0.7	tbub_c	vle	agree	79.3745	ok	79.7089	ok	79.3745	ok	oracle-unifac-kero		79.7089	0.334408	0.334408	1e-09
ethanol-propan-2-ol@x1=0.7	y1	vle	agree	0.730974	ok	0.734135	ok	0.730974	ok	oracle-unifac-kero			0.00316111	0.00316111	0
ethanol-propan-2-ol@x1=0.9	tbub_c	vle	agree	78.6604	ok	78.8388	ok	78.6604	ok	oracle-unifac-kero		78.8388	0.178367	0.178367	0
ethanol-propan-2-ol@x1=0.9	y1	vle	agree	0.912429	ok	0.914924	ok	0.912429	ok	oracle-unifac-kero			0.00249496	0.00249496	0
ethanol-toluene@flash	vapour_fraction	vle	coverage-gap		unavailable		unavailable		-						
ethanol-toluene@x1=0.1	tbub_c	vle	coverage-gap		unavailable	85.4821	ok	86.6833	ok	oracle-unifac-corr				1.20111	
ethanol-toluene@x1=0.1	y1	vle	coverage-gap		unavailable	0.555472	ok	0.557004	ok	oracle-unifac-corr				0.00153219	
ethanol-toluene@x1=0.3	tbub_c	vle	coverage-gap		unavailable	80.6435	ok	79.4597	ok	oracle-unifac-corr				1.18386	
ethanol-toluene@x1=0.3	y1	vle	coverage-gap		unavailable	0.647651	ok	0.684438	ok	oracle-unifac-corr				0.0367871	
ethanol-toluene@x1=0.5	tbub_c	vle	coverage-gap		unavailable	78.7975	ok	77.9053	ok	oracle-unifac-corr				0.892249	
ethanol-toluene@x1=0.5	y1	vle	coverage-gap		unavailable	0.699514	ok	0.721937	ok	oracle-unifac-corr				0.0224227	
ethanol-toluene@x1=0.7	tbub_c	vle	coverage-gap		unavailable	77.6856	ok	77.0994	ok	oracle-unifac-corr				0.586148	
ethanol-toluene@x1=0.7	y1	vle	coverage-gap		unavailable	0.763559	ok	0.765103	ok	oracle-unifac-corr				0.00154418	
ethanol-toluene@x1=0.9	tbub_c	vle	coverage-gap		unavailable	77.5347	ok	77.1598	ok	oracle-unifac-corr				0.374861	
ethanol-toluene@x1=0.9	y1	vle	coverage-gap		unavailable	0.882489	ok	0.870363	ok	oracle-unifac-corr				0.012126	
ethanol-water@flash	vapour_fraction	vle	single-phase-refusal	0	ok		unavailable		-						
ethanol-water@x1=0.1	tbub_c	vle	feos-difference	85.806	ok	89.2234	ok	85.806	ok	oracle-unifac-kero		89.2234	3.41739	3.41739	0
ethanol-water@x1=0.1	y1	vle	feos-difference	0.45228	ok	0.375018	ok	0.45228	ok	oracle-unifac-kero			0.0772624	0.0772624	0
ethanol-water@x1=0.3	tbub_c	vle	feos-difference	81.7394	ok	84.492	ok	81.7394	ok	oracle-unifac-kero		84.492	2.7526	2.7526	1e-09
ethanol-water@x1=0.3	y1	vle	feos-difference	0.57207	ok	0.532364	ok	0.57207	ok	oracle-unifac-kero			0.0397055	0.0397055	0
ethanol-water@x1=0.5	tbub_c	vle	feos-difference	79.8829	ok	82.0308	ok	79.8829	ok	oracle-unifac-kero		82.0308	2.14781	2.14781	0
ethanol-water@x1=0.5	y1	vle	agree	0.655292	ok	0.647186	ok	0.655292	ok	oracle-unifac-kero			0.00810608	0.00810608	0
ethanol-water@x1=0.7	tbub_c	vle	feos-difference	78.5981	ok	80.2132	ok	78.5981	ok	oracle-unifac-kero		80.2132	1.61505	1.61505	0
ethanol-water@x1=0.7	y1	vle	agree	0.759522	ok	0.774195	ok	0.759522	ok	oracle-unifac-kero			0.0146731	0.0146731	0
ethanol-water@x1=0.9	tbub_c	vle	agree	78.0737	ok	78.8936	ok	78.0737	ok	oracle-unifac-kero		78.8936	0.819874	0.819874	1e-09
ethanol-water@x1=0.9	y1	vle	feos-difference	0.899471	ok	0.919482	ok	0.899471	ok	oracle-unifac-kero			0.0200109	0.0200109	0
ethanol@25C	dhvap_kj_mol	vle	coverage-gap		unavailable	42.2873	ok	42.4134	ok	thermo.EnthalpyVaporization method=HEOS_FIT	41.7128			0.00297412	
ethanol@25C	psat_kpa	vle	agree	7.83312	ok	7.88195	ok	7.88539	ok	thermo.VaporPressure method=HEOS_FIT	7.97255		0.00619441	0.000436349	0.00662805
ethanol@25C	rho_liq_mol_m3	vle	coverage-gap		unavailable	17122.7	ok	17042.7	ok	thermo.VolumeLiquid method=HEOS_FIT	16924.7			0.00467019	
ethanol@300K,1.01325e+06Pa	molar_volume_m3_mol	peng-robinson	agree	6.25089e-05	ok	6.25089e-05	ok	6.25053e-05	ok	thermo.eos.PR			1.59977e-11	5.77596e-05	5.77596e-05
ethanol@300K,1.01325e+06Pa	phi	peng-robinson	agree	0.00912932	ok	0.00912932	ok	0.00912628	ok	thermo.eos.PR			0	0.000333132	0.000333132
ethanol@300K,1.01325e+06Pa	z_vapour	peng-robinson	agree	0.0253924	ok	0.0253924	ok	0.0253909	ok	thermo.eos.PR			0	5.77596e-05	5.77596e-05
ethanol@300K,1.01325e+07Pa	molar_volume_m3_mol	peng-robinson	agree	6.21777e-05	ok	6.21777e-05	ok	6.21741e-05	ok	thermo.eos.PR			1.60829e-11	5.6908e-05	5.6908e-05
ethanol@300K,1.01325e+07Pa	phi	peng-robinson	agree	0.00114662	ok	0.00114662	ok	0.00114623	ok	thermo.eos.PR			0	0.000346192	0.000346192
ethanol@300K,1.01325e+07Pa	z_vapour	peng-robinson	agree	0.252578	ok	0.252578	ok	0.252564	ok	thermo.eos.PR			0	5.6908e-05	5.6908e-05
ethanol@300K,1000Pa	molar_volume_m3_mol	peng-robinson	agree	2.49348	ok	2.49348	ok	2.49348	ok	thermo.eos.PR			4.01046e-11	2.48649e-09	2.52659e-09
ethanol@300K,1000Pa	phi	peng-robinson	agree	0.999655	ok	0.999655	ok	0.999655	ok	thermo.eos.PR			0	2.49086e-09	2.49086e-09
ethanol@300K,1000Pa	z_vapour	peng-robinson	agree	0.999655	ok	0.999655	ok	0.999655	ok	thermo.eos.PR			0	2.51087e-09	2.51087e-09
ethanol@300K,101325Pa	molar_volume_m3_mol	peng-robinson	agree	0.0237288	ok	0.0237288	ok	0.0237288	ok	thermo.eos.PR			0	2.70431e-07	2.70431e-07
ethanol@300K,101325Pa	phi	peng-robinson	agree	0.965111	ok	0.965111	ok	0.965111	ok	thermo.eos.PR			0	2.56426e-07	2.56426e-07
ethanol@300K,101325Pa	z_vapour	peng-robinson	agree	0.96391	ok	0.96391	ok	0.96391	ok	thermo.eos.PR			0	2.7044e-07	2.7044e-07
ethanol@500K,101325Pa	molar_volume_m3_mol	peng-robinson	agree	0.0407438	ok	0.0407438	ok	0.0407438	ok	thermo.eos.PR			2.45436e-11	1.28118e-08	1.28363e-08
ethanol@500K,101325Pa	phi	peng-robinson	agree	0.993093	ok	0.993093	ok	0.993094	ok	thermo.eos.PR			0	1.33824e-08	1.33824e-08
ethanol@500K,101325Pa	z_vapour	peng-robinson	agree	0.993057	ok	0.993057	ok	0.993057	ok	thermo.eos.PR			0	1.28291e-08	1.28291e-08
ethanol@500K,5e+06Pa	molar_volume_m3_mol	peng-robinson	agree	0.000401808	ok	0.000401808	ok	0.000401777	ok	thermo.eos.PR			2.48875e-11	7.60571e-05	7.60571e-05
ethanol@500K,5e+06Pa	phi	peng-robinson	agree	0.674811	ok	0.674811	ok	0.674808	ok	thermo.eos.PR			0	4.36918e-06	4.36918e-06
ethanol@500K,5e+06Pa	z_vapour	peng-robinson	agree	0.483264	ok	0.483264	ok	0.483227	ok	thermo.eos.PR			0	7.60571e-05	7.60571e-05
ethanol@50C	dhvap_kj_mol	vle	coverage-gap		unavailable	40.7129	ok	41.0481	ok	thermo.EnthalpyVaporization method=HEOS_FIT	40.2398			0.00816693	
ethanol@50C	psat_kpa	vle	agree	29.3688	ok	29.4641	ok	29.4085	ok	thermo.VaporPressure method=HEOS_FIT	29.4961		0.00323536	0.00188603	0.00135189
ethanol@50C	rho_liq_mol_m3	vle	coverage-gap		unavailable	16615.4	ok	16566.4	ok	thermo.VolumeLiquid method=HEOS_FIT	16451.8			0.00294454	
ethanol@78.4C	dhvap_kj_mol	vle	coverage-gap		unavailable	38.6623	ok	39.1418	ok	thermo.EnthalpyVaporization method=HEOS_FIT	38.285			0.0122503	
ethanol@78.4C	psat_kpa	vle	agree	101.65	ok	101.327	ok	101.241	ok	thermo.VaporPressure method=HEOS_FIT	100.887		0.00317524	0.000849971	0.00402251
ethanol@78.4C	rho_liq_mol_m3	vle	coverage-gap		unavailable	15994	ok	15985.8	ok	thermo.VolumeLiquid method=HEOS_FIT	15871.3			0.000510686	
ethyl-ethanoate	pcrit_kpa	vle	coverage-gap		unavailable	4750.82	ok	3870	ok	chemicals.Pc (experimental)				0.185404	
ethyl-ethanoate	tboil_c	vle	coverage-gap		unavailable	77.0106	ok	77.1	ok	chemicals.Tb (experimental normal boiling point)				0.089447	
ethyl-ethanoate	tcrit_k	vle	coverage-gap		unavailable	535.681	ok	523.3	ok	chemicals.Tc (experimental)				0.0231135	
ethyl-ethanoate-ethanol@flash	vapour_fraction	vle	coverage-gap		unavailable		unavailable		-						
ethyl-ethanoate-ethanol@x1=0.1	tbub_c	vle	coverage-gap		unavailable	76.3806	ok	74.9305	ok	oracle-unifac-corr				1.45014	
ethyl-ethanoate-ethanol@x1=0.1	y1	vle	coverage-gap		unavailable	0.166521	ok	0.208237	ok	oracle-unifac-corr				0.0417156	
ethyl-ethanoate-ethanol@x1=0.3	tbub_c	vle	coverage-gap		unavailable	73.3127	ok	71.9999	ok	oracle-unifac-corr				1.31282	
ethyl-ethanoate-ethanol@x1=0.3	y1	vle	coverage-gap		unavailable	0.408483	ok	0.405311	ok	oracle-unifac-corr				0.00317155	
ethyl-ethanoate-ethanol@x1=0.5	tbub_c	vle	coverage-gap		unavailable	71.8217	ok	71.1979	ok	oracle-unifac-corr				0.623847	
ethyl-ethanoate-ethanol@x1=0.5	y1	vle	coverage-gap		unavailable	0.559718	ok	0.518507	ok	oracle-unifac-corr				0.0412106	
ethyl-ethanoate-ethanol@x1=0.7	tbub_c	vle	coverage-gap		unavailable	71.5775	ok	71.5809	ok	oracle-unifac-corr				0.00332562	
ethyl-ethanoate-ethanol@x1=0.7	y1	vle	coverage-gap		unavailable	0.674509	ok	0.632265	ok	oracle-unifac-corr				0.0422438	
ethyl-ethanoate-ethanol@x1=0.9	tbub_c	vle	coverage-gap		unavailable	73.0569	ok	73.9957	ok	oracle-unifac-corr				0.938827	
ethyl-ethanoate-ethanol@x1=0.9	y1	vle	coverage-gap		unavailable	0.813579	ok	0.819802	ok	oracle-unifac-corr				0.00622267	
ethyl-ethanoate@25C	dhvap_kj_mol	vle	coverage-gap		unavailable	35.7554	ok	35.6618	ok	thermo.EnthalpyVaporization method=DIPPR_PERRY_8E				0.00261641	
ethyl-ethanoate@25C	psat_kpa	vle	coverage-gap		unavailable	12.5954	ok	12.6142	ok	thermo.VaporPressure method=WAGNER_MCGARRY				0.00148404	
ethyl-ethanoate@25C	rho_liq_mol_m3	vle	coverage-gap		unavailable	10099.9	ok	10142.6	ok	thermo.VolumeLiquid method=DIPPR_PERRY_8E				0.00421238	
ethyl-ethanoate@50C	dhvap_kj_mol	vle	coverage-gap		unavailable	34.1832	ok	34.0831	ok	thermo.EnthalpyVaporization method=DIPPR_PERRY_8E				0.00292851	
ethyl-ethanoate@50C	psat_kpa	vle	coverage-gap		unavailable	37.9821	ok	37.9611	ok	thermo.VaporPressure method=WAGNER_MCGARRY				0.000553688	
ethyl-ethanoate@50C	rho_liq_mol_m3	vle	coverage-gap		unavailable	9766.15	ok	9799.23	ok	thermo.VolumeLiquid method=DIPPR_PERRY_8E				0.00337642	
ethyl-ethanoate@77C	dhvap_kj_mol	vle	coverage-gap		unavailable	32.4324	ok	32.2351	ok	thermo.EnthalpyVaporization method=DIPPR_PERRY_8E				0.00608232	
ethyl-ethanoate@77C	psat_kpa	vle	coverage-gap		unavailable	101.29	ok	101.083	ok	thermo.VaporPressure method=WAGNER_MCGARRY				0.00204155	
ethyl-ethanoate@77C	rho_liq_mol_m3	vle	coverage-gap		unavailable	9390.48	ok	9406.67	ok	thermo.VolumeLiquid method=DIPPR_PERRY_8E				0.0017213	
heptane	pcrit_kpa	vle	coverage-gap		unavailable	3269.75	ok	2735.73	ok	chemicals.Pc (experimental)				0.163321	
heptane	tboil_c	vle	coverage-gap		unavailable	98.3568	ok	98.4004	ok	chemicals.Tb (experimental normal boiling point)				0.043583	
heptane	tcrit_k	vle	coverage-gap		unavailable	552.143	ok	540.2	ok	chemicals.Tc (experimental)				0.0216297	
heptane@25C	dhvap_kj_mol	vle	coverage-gap		unavailable	36.7282	ok	36.5749	ok	thermo.EnthalpyVaporization method=HEOS_FIT				0.00417555	
heptane@25C	psat_kpa	vle	coverage-gap		unavailable	6.08651	ok	6.09985	ok	thermo.VaporPressure method=HEOS_FIT				0.00218695	
heptane@25C	rho_liq_mol_m3	vle	coverage-gap		unavailable	6754.1	ok	6782.37	ok	thermo.VolumeLiquid method=HEOS_FIT				0.00416854	
heptane@60C	dhvap_kj_mol	vle	coverage-gap		unavailable	34.5906	ok	34.3508	ok	thermo.EnthalpyVaporization method=HEOS_FIT				0.00693314	
heptane@60C	psat_kpa	vle	coverage-gap		unavailable	28.0517	ok	28.0538	ok	thermo.VaporPressure method=HEOS_FIT				7.46441e-05	
heptane@60C	rho_liq_mol_m3	vle	coverage-gap		unavailable	6457.59	ok	6478.7	ok	thermo.VolumeLiquid method=HEOS_FIT				0.00325873	
heptane@98.4C	dhvap_kj_mol	vle	coverage-gap		unavailable	32.1333	ok	31.7326	ok	thermo.EnthalpyVaporization method=HEOS_FIT				0.0124689	
heptane@98.4C	psat_kpa	vle	coverage-gap		unavailable	101.454	ok	101.324	ok	thermo.VaporPressure method=HEOS_FIT				0.00128074	
heptane@98.4C	rho_liq_mol_m3	vle	coverage-gap		unavailable	6112.95	ok	6123.01	ok	thermo.VolumeLiquid method=HEOS_FIT				0.00164323	
hexane	pcrit_kpa	vle	coverage-gap		unavailable	3553.54	ok	3044.1	ok	chemicals.Pc (experimental)				0.143361	
hexane	tboil_c	vle	coverage-gap		unavailable	68.7179	ok	68.7156	ok	chemicals.Tb (experimental normal boiling point)				0.00228406	
hexane	tcrit_k	vle	coverage-gap		unavailable	519.217	ok	507.82	ok	chemicals.Tc (experimental)				0.0219508	
hexane-ethanol@flash	vapour_fraction	vle	coverage-gap		unavailable		unavailable		-						
hexane-ethanol@x1=0.1	tbub_c	vle	coverage-gap		unavailable	64.8227	ok	65.9184	ok	oracle-unifac-corr				1.09564	
hexane-ethanol@x1=0.1	y1	vle	coverage-gap		unavailable	0.465432	ok	0.451868	ok	oracle-unifac-corr				0.0135648	
hexane-ethanol@x1=0.3	tbub_c	vle	coverage-gap		unavailable	59.6119	ok	59.5472	ok	oracle-unifac-corr				0.0647403	
hexane-ethanol@x1=0.3	y1	vle	coverage-gap		unavailable	0.607998	ok	0.6282	ok	oracle-unifac-corr				0.0202018	
hexane-ethanol@x1=0.5	tbub_c	vle	coverage-gap		unavailable	58.8221	ok	58.6202	ok	oracle-unifac-corr				0.201967	
hexane-ethanol@x1=0.5	y1	vle	coverage-gap		unavailable	0.63846	ok	0.659752	ok	oracle-unifac-corr				0.0212914	
hexane-ethanol@x1=0.7	tbub_c	vle	coverage-gap		unavailable	58.6964	ok	58.5733	ok	oracle-unifac-corr				0.123066	
hexane-ethanol@x1=0.7	y1	vle	coverage-gap		unavailable	0.662318	ok	0.663782	ok	oracle-unifac-corr				0.00146397	
hexane-ethanol@x1=0.9	tbub_c	vle	coverage-gap		unavailable	59.7607	ok	59.2994	ok	oracle-unifac-corr				0.461323	
hexane-ethanol@x1=0.9	y1	vle	coverage-gap		unavailable	0.719814	ok	0.69525	ok	oracle-unifac-corr				0.0245637	
hexane-heptane@flash	vapour_fraction	vle	coverage-gap		unavailable		unavailable		-						
hexane-heptane@x1=0.1	tbub_c	vle	coverage-gap		unavailable	94.2015	ok	94.1448	ok	oracle-unifac-corr				0.0566971	
hexane-heptane@x1=0.1	y1	vle	coverage-gap		unavailable	0.200299	ok	0.207122	ok	oracle-unifac-corr				0.00682343	
hexane-heptane@x1=0.3	tbub_c	vle	coverage-gap		unavailable	86.8987	ok	86.7604	ok	oracle-unifac-corr				0.138363	
hexane-heptane@x1=0.3	y1	vle	coverage-gap		unavailable	0.499123	ok	0.50947	ok	oracle-unifac-corr				0.0103475	
hexane-heptane@x1=0.5	tbub_c	vle	coverage-gap		unavailable	80.7089	ok	80.5718	ok	oracle-unifac-corr				0.137162	
hexane-heptane@x1=0.5	y1	vle	coverage-gap		unavailable	0.704973	ok	0.713536	ok	oracle-unifac-corr				0.0085631	
hexane-heptane@x1=0.7	tbub_c	vle	coverage-gap		unavailable	75.4023	ok	75.3046	ok	oracle-unifac-corr				0.0977304	
hexane-heptane@x1=0.7	y1	vle	coverage-gap		unavailable	0.851014	ok	0.856311	ok	oracle-unifac-corr				0.00529751	
hexane-heptane@x1=0.9	tbub_c	vle	coverage-gap		unavailable	70.7997	ok	70.7618	ok	oracle-unifac-corr				0.0378916	
hexane-heptane@x1=0.9	y1	vle	coverage-gap		unavailable	0.957469	ok	0.959224	ok	oracle-unifac-corr				0.00175511	
hexane@25C	dhvap_kj_mol	vle	coverage-gap		unavailable	31.6497	ok	31.5567	ok	thermo.EnthalpyVaporization method=HEOS_FIT				0.00294008	
hexane@25C	psat_kpa	vle	coverage-gap		unavailable	20.2218	ok	20.1641	ok	thermo.VaporPressure method=HEOS_FIT				0.00285466	
hexane@25C	rho_liq_mol_m3	vle	coverage-gap		unavailable	7562.24	ok	7599.07	ok	thermo.VolumeLiquid method=HEOS_FIT				0.00484688	
hexane@50C	dhvap_kj_mol	vle	coverage-gap		unavailable	30.2312	ok	30.0663	ok	thermo.EnthalpyVaporization method=HEOS_FIT				0.00545292	
hexane@50C	psat_kpa	vle	coverage-gap		unavailable	54.1333	ok	54.0695	ok	thermo.VaporPressure method=HEOS_FIT				0.0011785	
hexane@50C	rho_liq_mol_m3	vle	coverage-gap		unavailable	7302.12	ok	7329.24	ok	thermo.VolumeLiquid method=HEOS_FIT				0.00369982	
hexane@68.7C	dhvap_kj_mol	vle	coverage-gap		unavailable	29.1205	ok	28.8818	ok	thermo.EnthalpyVaporization method=HEOS_FIT				0.00819479	
hexane@68.7C	psat_kpa	vle	coverage-gap		unavailable	101.268	ok	101.275	ok	thermo.VaporPressure method=HEOS_FIT				7.0901e-05	
hexane@68.7C	rho_liq_mol_m3	vle	coverage-gap		unavailable	7099.35	ok	7117.94	ok	thermo.VolumeLiquid method=HEOS_FIT				0.00261147	
methanol	pcrit_kpa	vle	coverage-gap		unavailable	10992.1	ok	8215.85	ok	chemicals.Pc (experimental)				0.252567	
methanol	tboil_c	vle	agree	64.5362	ok	64.6736	ok	64.4824	ok	chemicals.Tb (experimental normal boiling point)			0.137348	0.191172	0.0538239
methanol	tcrit_k	vle	coverage-gap		unavailable	536.171	ok	513.38	ok	chemicals.Tc (experimental)				0.0425078	
methanol-cyclohexane@flash	vapour_fraction	vle	coverage-gap		unavailable		unavailable		-						
methanol-cyclohexane@x1=0.1	tbub_c	vle	coverage-gap		unavailable	56.4093	ok	55.6674	ok	oracle-unifac-corr				0.741903	
methanol-cyclohexane@x1=0.1	y1	vle	coverage-gap		unavailable	0.568149	ok	0.588752	ok	oracle-unifac-corr				0.0206034	
methanol-cyclohexane@x1=0.3	tbub_c	vle	coverage-gap		unavailable	54.4551	ok	53.4066	ok	oracle-unifac-corr				1.0485	
methanol-cyclohexane@x1=0.3	y1	vle	coverage-gap		unavailable	0.609165	ok	0.628861	ok	oracle-unifac-corr				0.0196964	
methanol-cyclohexane@x1=0.5	tbub_c	vle	coverage-gap		unavailable	54.3345	ok	54.0313	ok	oracle-unifac-corr				0.303181	
methanol-cyclohexane@x1=0.5	y1	vle	coverage-gap		unavailable	0.613012	ok	0.60231	ok	oracle-unifac-corr				0.0107021	
methanol-cyclohexane@x1=0.7	tbub_c	vle	coverage-gap		unavailable	54.3392	ok	54.057	ok	oracle-unifac-corr				0.282126	
methanol-cyclohexane@x1=0.7	y1	vle	coverage-gap		unavailable	0.608349	ok	0.580827	ok	oracle-unifac-corr				0.0275214	
methanol-cyclohexane@x1=0.9	tbub_c	vle	coverage-gap		unavailable	55.4757	ok	55.8474	ok	oracle-unifac-corr				0.371707	
methanol-cyclohexane@x1=0.9	y1	vle	coverage-gap		unavailable	0.654612	ok	0.654222	ok	oracle-unifac-corr				0.000389842	
methanol-ethanol@flash	vapour_fraction	vle	single-phase-refusal	1	ok		unavailable		-						
methanol-ethanol@x1=0.1	tbub_c	vle	agree	76.0856	ok	76.6776	ok	76.0856	ok	oracle-unifac-kero		76.6776	0.591988	0.591988	0
methanol-ethanol@x1=0.1	y1	vle	agree	0.176138	ok	0.156632	ok	0.176138	ok	oracle-unifac-kero			0.0195056	0.0195056	0
methanol-ethanol@x1=0.3	tbub_c	vle	feos-difference	72.37	ok	73.5091	ok	72.37	ok	oracle-unifac-kero		73.5091	1.1391	1.1391	0
methanol-ethanol@x1=0.3	y1	vle	feos-difference	0.444141	ok	0.418324	ok	0.444141	ok	oracle-unifac-kero			0.0258171	0.0258171	0
methanol-ethanol@x1=0.5	tbub_c	vle	feos-difference	69.4497	ok	70.6657	ok	69.4497	ok	oracle-unifac-kero		70.6657	1.21602	1.21602	0
methanol-ethanol@x1=0.5	y1	vle	agree	0.63985	ok	0.626749	ok	0.63985	ok	oracle-unifac-kero			0.0131009	0.0131009	0
methanol-ethanol@x1=0.7	tbub_c	vle	agree	67.1397	ok	68.1002	ok	67.1397	ok	oracle-unifac-kero		68.1002	0.960484	0.960484	0
methanol-ethanol@x1=0.7	y1	vle	agree	0.794351	ok	0.796157	ok	0.794351	ok	oracle-unifac-kero			0.00180568	0.00180568	0
methanol-ethanol@x1=0.9	tbub_c	vle	agree	65.3039	ok	65.7673	ok	65.3039	ok	oracle-unifac-kero		65.7673	0.463387	0.463387	0
methanol-ethanol@x1=0.9	y1	vle	agree	0.930754	ok	0.937298	ok	0.930754	ok	oracle-unifac-kero			0.00654366	0.00654366	0
methanol-water@flash	vapour_fraction	vle	oracle-limitation	0.252619	ok	0.160481	ok		-				0.0921381		
methanol-water@x1=0.1	tbub_c	vle	feos-difference	87.7327	ok	89.2607	ok	87.7327	ok	oracle-unifac-kero		89.2607	1.52804	1.52804	0
methanol-water@x1=0.1	y1	vle	feos-difference	0.422915	ok	0.38638	ok	0.422915	ok	oracle-unifac-kero			0.0365352	0.0365352	0
methanol-water@x1=0.3	tbub_c	vle	feos-difference	78.2209	ok	79.4441	ok	78.2209	ok	oracle-unifac-kero		79.4441	1.2232	1.2232	0
methanol-water@x1=0.3	y1	vle	feos-difference	0.669321	ok	0.648457	ok	0.669321	ok	oracle-unifac-kero			0.0208633	0.0208633	0
methanol-water@x1=0.5	tbub_c	vle	agree	73.2137	ok	74.0101	ok	73.2137	ok	oracle-unifac-kero		74.0101	0.796401	0.796401	1e-09
methanol-water@x1=0.5	y1	vle	agree	0.786597	ok	0.77641	ok	0.786597	ok	oracle-unifac-kero			0.0101865	0.0101865	0
methanol-water@x1=0.7	tbub_c	vle	agree	69.4052	ok	69.8743	ok	69.4052	ok	oracle-unifac-kero		69.8743	0.469137	0.469137	0
methanol-water@x1=0.7	y1	vle	agree	0.877091	ok	0.87299	ok	0.877091	ok	oracle-unifac-kero			0.0041005	0.0041005	0
methanol-water@x1=0.9	tbub_c	vle	agree	66.0867	ok	66.3174	ok	66.0867	ok	oracle-unifac-kero		66.3174	0.230659	0.230659	0
methanol-water@x1=0.9	y1	vle	agree	0.959726	ok	0.958807	ok	0.959726	ok	oracle-unifac-kero			0.000918962	0.000918962	0
methanol@25C	dhvap_kj_mol	vle	parameter-difference		unavailable	37.1706	ok	37.4572	ok	thermo.EnthalpyVaporization method=HEOS_FIT	35.268			0.00765098	
methanol@25C	psat_kpa	vle	agree	16.9456	ok	16.8094	ok	16.9815	ok	thermo.VaporPressure method=HEOS_FIT	16.4069		0.00803692	0.0101359	0.00211601
methanol@25C	rho_liq_mol_m3	vle	coverage-gap		unavailable	24657.1	ok	24540.3	ok	thermo.VolumeLiquid method=HEOS_FIT	24672.8			0.00473654	
methanol@40C	dhvap_kj_mol	vle	parameter-difference		unavailable	36.3651	ok	36.6893	ok	thermo.EnthalpyVaporization method=HEOS_FIT	34.4334			0.00883745	
methanol@40C	psat_kpa	vle	agree	35.446	ok	35.1752	ok	35.518	ok	thermo.VaporPressure method=HEOS_FIT	34.2043		0.00763765	0.00965097	0.00202881
methanol@40C	rho_liq_mol_m3	vle	coverage-gap		unavailable	24217	ok	24098.6	ok	thermo.VolumeLiquid method=HEOS_FIT	24254.7			0.00488975	
methanol@64.7C	dhvap_kj_mol	vle	parameter-difference		unavailable	34.884	ok	35.2671	ok	thermo.EnthalpyVaporization method=HEOS_FIT	32.91			0.0108627	
methanol@64.7C	psat_kpa	vle	agree	101.98	ok	101.431	ok	102.197	ok	thermo.VaporPressure method=HEOS_FIT	98.7645		0.00538585	0.00749704	0.00212262
methanol@64.7C	rho_liq_mol_m3	vle	coverage-gap		unavailable	23453.5	ok	23348.9	ok	thermo.VolumeLiquid method=HEOS_FIT	23523.7			0.00445767	
nitrogen	pcrit_kpa	vle	coverage-gap		unavailable	3388.59	ok	3395.8	ok	chemicals.Pc (experimental)				0.00212231	
nitrogen	tboil_c	vle	coverage-gap		unavailable	-195.743	ok	-195.795	ok	chemicals.Tb (experimental normal boiling point)				0.0517259	
nitrogen	tcrit_k	vle	coverage-gap		unavailable	126.413	ok	126.192	ok	chemicals.Tc (experimental)				0.00175041	
nitrogen-oxygen@flash	vapour_fraction	vle	coverage-gap		unavailable		unavailable		-						
nitrogen-oxygen@x1=0.1	tbub_c	vle	coverage-gap		unavailable	-185.806	ok		unavailable	oracle-unifac-corr					
nitrogen-oxygen@x1=0.1	y1	vle	coverage-gap		unavailable	0.333898	ok		unavailable	oracle-unifac-corr					
nitrogen-oxygen@x1=0.3	tbub_c	vle	coverage-gap		unavailable	-189.539	ok		unavailable	oracle-unifac-corr					
nitrogen-oxygen@x1=0.3	y1	vle	coverage-gap		unavailable	0.652522	ok		unavailable	oracle-unifac-corr					
nitrogen-oxygen@x1=0.5	tbub_c	vle	coverage-gap		unavailable	-191.905	ok		unavailable	oracle-unifac-corr					
nitrogen-oxygen@x1=0.5	y1	vle	coverage-gap		unavailable	0.805054	ok		unavailable	oracle-unifac-corr					
nitrogen-oxygen@x1=0.7	tbub_c	vle	coverage-gap		unavailable	-193.652	ok		unavailable	oracle-unifac-corr					
nitrogen-oxygen@x1=0.7	y1	vle	coverage-gap		unavailable	0.899969	ok		unavailable	oracle-unifac-corr					
nitrogen-oxygen@x1=0.9	tbub_c	vle	coverage-gap		unavailable	-195.091	ok		unavailable	oracle-unifac-corr					
nitrogen-oxygen@x1=0.9	y1	vle	coverage-gap		unavailable	0.970033	ok		unavailable	oracle-unifac-corr					
nitrogen@-190C	dhvap_kj_mol	vle	coverage-gap		unavailable	5.37551	ok	5.35764	ok	thermo.EnthalpyVaporization method=HEOS_FIT				0.00332374	
nitrogen@-190C	psat_kpa	vle	coverage-gap		unavailable	189.378	ok	190.671	ok	thermo.VaporPressure method=HEOS_FIT				0.00678286	
nitrogen@-190C	rho_liq_mol_m3	vle	coverage-gap		unavailable	27928.8	ok	27810.9	ok	thermo.VolumeLiquid method=HEOS_FIT				0.00422055	
nitrogen@-195.8C	dhvap_kj_mol	vle	coverage-gap		unavailable	5.58193	ok	5.57979	ok	thermo.EnthalpyVaporization method=HEOS_FIT				0.00038232	
nitrogen@-195.8C	psat_kpa	vle	coverage-gap		unavailable	100.652	ok	101.265	ok	thermo.VaporPressure method=HEOS_FIT				0.00605965	
nitrogen@-195.8C	rho_liq_mol_m3	vle	coverage-gap		unavailable	28859.3	ok	28776	ok	thermo.VolumeLiquid method=HEOS_FIT				0.00288768	
nitrogen@-200C	dhvap_kj_mol	vle	coverage-gap		unavailable	5.7151	ok	5.72583	ok	thermo.EnthalpyVaporization method=HEOS_FIT				0.00187438	
nitrogen@-200C	psat_kpa	vle	coverage-gap		unavailable	59.5759	ok	59.8418	ok	thermo.VaporPressure method=HEOS_FIT				0.00444295	
nitrogen@-200C	rho_liq_mol_m3	vle	coverage-gap		unavailable	29503.7	ok	29448.2	ok	thermo.VolumeLiquid method=HEOS_FIT				0.0018795	
nitrogen@300K,1.01325e+06Pa	molar_volume_m3_mol	peng-robinson	agree	0.00245175	ok	0.00245175	ok	0.00245175	ok	thermo.eos.PR			0	3.84542e-07	3.84542e-07
nitrogen@300K,1.01325e+06Pa	phi	peng-robinson	agree	0.995782	ok	0.995782	ok	0.995781	ok	thermo.eos.PR			0	3.68695e-07	3.68695e-07
nitrogen@300K,1.01325e+06Pa	z_vapour	peng-robinson	agree	0.995948	ok	0.995948	ok	0.995948	ok	thermo.eos.PR			0	3.84518e-07	3.84518e-07
nitrogen@300K,1.01325e+07Pa	molar_volume_m3_mol	peng-robinson	agree	0.000243448	ok	0.000243448	ok	0.000243447	ok	thermo.eos.PR			4.10765e-11	5.82033e-06	5.82029e-06
nitrogen@300K,1.01325e+07Pa	phi	peng-robinson	agree	0.973288	ok	0.973288	ok	0.973283	ok	thermo.eos.PR			0	4.77515e-06	4.77515e-06
nitrogen@300K,1.01325e+07Pa	z_vapour	peng-robinson	agree	0.988935	ok	0.988935	ok	0.98893	ok	thermo.eos.PR			0	5.82031e-06	5.82031e-06
nitrogen@300K,1000Pa	molar_volume_m3_mol	peng-robinson	agree	2.49433	ok	2.49433	ok	2.49433	ok	thermo.eos.PR			0	3.20728e-10	3.20728e-10
nitrogen@300K,1000Pa	phi	peng-robinson	agree	0.999996	ok	0.999996	ok	0.999996	ok	thermo.eos.PR			0	3.50001e-10	3.50001e-10
nitrogen@300K,1000Pa	z_vapour	peng-robinson	agree	0.999996	ok	0.999996	ok	0.999996	ok	thermo.eos.PR			0	3.40002e-10	3.40002e-10
nitrogen@300K,101325Pa	molar_volume_m3_mol	peng-robinson	agree	0.0246065	ok	0.0246065	ok	0.0246065	ok	thermo.eos.PR			4.06398e-11	3.5763e-08	3.57223e-08
nitrogen@300K,101325Pa	phi	peng-robinson	agree	0.999562	ok	0.999562	ok	0.999562	ok	thermo.eos.PR			0	3.55656e-08	3.55656e-08
nitrogen@300K,101325Pa	z_vapour	peng-robinson	agree	0.999563	ok	0.999563	ok	0.999563	ok	thermo.eos.PR			0	3.57156e-08	3.57156e-08
nitrogen@500K,101325Pa	molar_volume_m3_mol	peng-robinson	agree	0.0410411	ok	0.0410411	ok	0.0410411	ok	thermo.eos.PR			0	2.68024e-08	2.68024e-08
nitrogen@500K,101325Pa	phi	peng-robinson	agree	1.0003	ok	1.0003	ok	1.0003	ok	thermo.eos.PR			0	2.67919e-08	2.67919e-08
nitrogen@500K,101325Pa	z_vapour	peng-robinson	agree	1.0003	ok	1.0003	ok	1.0003	ok	thermo.eos.PR			0	2.67919e-08	2.67919e-08
nitrogen@500K,5e+06Pa	molar_volume_m3_mol	peng-robinson	agree	0.000844906	ok	0.000844906	ok	0.000844905	ok	thermo.eos.PR			1.18357e-11	1.38066e-06	1.38065e-06
nitrogen@500K,5e+06Pa	phi	peng-robinson	agree	1.01566	ok	1.01566	ok	1.01566	ok	thermo.eos.PR			0	1.36424e-06	1.36424e-06
nitrogen@500K,5e+06Pa	z_vapour	peng-robinson	agree	1.01619	ok	1.01619	ok	1.01619	ok	thermo.eos.PR			0	1.38065e-06	1.38065e-06
octane	pcrit_kpa	vle	coverage-gap		unavailable	3030.1	ok	2483.59	ok	chemicals.Pc (experimental)				0.18036	
octane	tboil_c	vle	coverage-gap		unavailable	125.713	ok	125.644	ok	chemicals.Tb (experimental normal boiling point)				0.0696448	
octane	tcrit_k	vle	coverage-gap		unavailable	582.353	ok	568.74	ok	chemicals.Tc (experimental)				0.0233758	
octane@125.6C	dhvap_kj_mol	vle	coverage-gap		unavailable	34.8882	ok	34.4412	ok	thermo.EnthalpyVaporization method=HEOS_FIT				0.0128111	
octane@125.6C	psat_kpa	vle	coverage-gap		unavailable	101.006	ok	101.202	ok	thermo.VaporPressure method=HEOS_FIT				0.00193521	
octane@125.6C	rho_liq_mol_m3	vle	coverage-gap		unavailable	5359.37	ok	5351.1	ok	thermo.VolumeLiquid method=HEOS_FIT				0.0015443	
octane@25C	dhvap_kj_mol	vle	coverage-gap		unavailable	41.6209	ok	41.513	ok	thermo.EnthalpyVaporization method=HEOS_FIT				0.00259356	
octane@25C	psat_kpa	vle	coverage-gap		unavailable	1.86551	ok	1.87345	ok	thermo.VaporPressure method=HEOS_FIT				0.00424072	
octane@25C	rho_liq_mol_m3	vle	coverage-gap		unavailable	6102.37	ok	6115.59	ok	thermo.VolumeLiquid method=HEOS_FIT				0.00216166	
octane@80C	dhvap_kj_mol	vle	coverage-gap		unavailable	38.0138	ok	37.7968	ok	thermo.EnthalpyVaporization method=HEOS_FIT				0.00570821	
octane@80C	psat_kpa	vle	coverage-gap		unavailable	23.288	ok	23.3493	ok	thermo.VaporPressure method=HEOS_FIT				0.00262642	
octane@80C	rho_liq_mol_m3	vle	coverage-gap		unavailable	5709.41	ok	5713.77	ok	thermo.VolumeLiquid method=HEOS_FIT				0.000762587	
oxygen	pcrit_kpa	vle	coverage-gap		unavailable	5058.24	ok	5043	ok	chemicals.Pc (experimental)				0.00301266	
oxygen	tboil_c	vle	coverage-gap		unavailable	-182.902	ok	-182.962	ok	chemicals.Tb (experimental normal boiling point)				0.060378	
oxygen	tcrit_k	vle	coverage-gap		unavailable	154.667	ok	154.581	ok	chemicals.Tc (experimental)				0.000559008	
oxygen@-175C	dhvap_kj_mol	vle	coverage-gap		unavailable	6.5898	ok	6.55086	ok	thermo.EnthalpyVaporization method=HEOS_FIT				0.00590931	
oxygen@-175C	psat_kpa	vle	coverage-gap		unavailable	215.855	ok	216.796	ok	thermo.VaporPressure method=HEOS_FIT				0.00434306	
oxygen@-175C	rho_liq_mol_m3	vle	coverage-gap		unavailable	34541.3	ok	34396.1	ok	thermo.VolumeLiquid method=HEOS_FIT				0.00420313	
oxygen@-183C	dhvap_kj_mol	vle	coverage-gap		unavailable	6.84074	ok	6.81871	ok	thermo.EnthalpyVaporization method=HEOS_FIT				0.00322036	
oxygen@-183C	psat_kpa	vle	coverage-gap		unavailable	100.289	ok	100.925	ok	thermo.VaporPressure method=HEOS_FIT				0.00630551	
oxygen@-183C	rho_liq_mol_m3	vle	coverage-gap		unavailable	35764	ok	35669.2	ok	thermo.VolumeLiquid method=HEOS_FIT				0.00265122	
oxygen@-200C	dhvap_kj_mol	vle	coverage-gap		unavailable	7.26707	ok	7.2951	ok	thermo.EnthalpyVaporization method=HEOS_FIT				0.00384213	
oxygen@-200C	psat_kpa	vle	coverage-gap		unavailable	10.7709	ok	10.8083	ok	thermo.VaporPressure method=HEOS_FIT				0.00345867	
oxygen@-200C	rho_liq_mol_m3	vle	coverage-gap		unavailable	38205.6	ok	38207.8	ok	thermo.VolumeLiquid method=HEOS_FIT				5.90765e-05	
pentane	pcrit_kpa	vle	coverage-gap		unavailable	3866.94	ok	3367.5	ok	chemicals.Pc (experimental)				0.129156	
pentane	tboil_c	vle	coverage-gap		unavailable	36.1194	ok	36.0593	ok	chemicals.Tb (experimental normal boiling point)				0.0600612	
pentane	tcrit_k	vle	coverage-gap		unavailable	478.829	ok	469.7	ok	chemicals.Tc (experimental)				0.0190655	
pentane-hexane@flash	vapour_fraction	vle	coverage-gap		unavailable		unavailable		-						
pentane-hexane@x1=0.1	tbub_c	vle	coverage-gap		unavailable	63.2213	ok	63.709	ok	oracle-unifac-corr				0.487755	
pentane-hexane@x1=0.1	y1	vle	coverage-gap		unavailable	0.238815	ok	0.233154	ok	oracle-unifac-corr				0.00566089	
pentane-hexane@x1=0.3	tbub_c	vle	coverage-gap		unavailable	54.479	ok	55.2971	ok	oracle-unifac-corr				0.818135	
pentane-hexane@x1=0.3	y1	vle	coverage-gap		unavailable	0.550782	ok	0.550407	ok	oracle-unifac-corr				0.000375337	
pentane-hexane@x1=0.5	tbub_c	vle	coverage-gap		unavailable	47.8263	ok	48.5014	ok	oracle-unifac-corr				0.675076	
pentane-hexane@x1=0.5	y1	vle	coverage-gap		unavailable	0.74071	ok	0.747937	ok	oracle-unifac-corr				0.0072269	
pentane-hexane@x1=0.7	tbub_c	vle	coverage-gap		unavailable	42.5256	ok	42.8855	ok	oracle-unifac-corr				0.3599	
pentane-hexane@x1=0.7	y1	vle	coverage-gap		unavailable	0.868072	ok	0.87751	ok	oracle-unifac-corr				0.00943826	
pentane-hexane@x1=0.9	tbub_c	vle	coverage-gap		unavailable	38.1039	ok	38.1565	ok	oracle-unifac-corr				0.0526149	
pentane-hexane@x1=0.9	y1	vle	coverage-gap		unavailable	0.961262	ok	0.966105	ok	oracle-unifac-corr				0.0048436	
pentane@0C	dhvap_kj_mol	vle	coverage-gap		unavailable	28.0438	ok	27.77	ok	thermo.EnthalpyVaporization method=HEOS_FIT				0.00976445	
pentane@0C	psat_kpa	vle	coverage-gap		unavailable	24.243	ok	24.4553	ok	thermo.VaporPressure method=HEOS_FIT				0.00868213	
pentane@0C	rho_liq_mol_m3	vle	coverage-gap		unavailable	8913.02	ok	8948.43	ok	thermo.VolumeLiquid method=HEOS_FIT				0.00395738	
pentane@25C	dhvap_kj_mol	vle	coverage-gap		unavailable	26.7191	ok	26.4357	ok	thermo.EnthalpyVaporization method=HEOS_FIT				0.010609	
pentane@25C	psat_kpa	vle	coverage-gap		unavailable	68.1135	ok	68.3551	ok	thermo.VaporPressure method=HEOS_FIT				0.00353465	
pentane@25C	rho_liq_mol_m3	vle	coverage-gap		unavailable	8584.6	ok	8610.08	ok	thermo.VolumeLiquid method=HEOS_FIT				0.00295886	
pentane@36.1C	dhvap_kj_mol	vle	coverage-gap		unavailable	26.1048	ok	25.8056	ok	thermo.EnthalpyVaporization method=HEOS_FIT				0.011462	
pentane@36.1C	psat_kpa	vle	coverage-gap		unavailable	101.258	ok	101.466	ok	thermo.VaporPressure method=HEOS_FIT				0.00204942	
pentane@36.1C	rho_liq_mol_m3	vle	coverage-gap		unavailable	8433.56	ok	8453.88	ok	thermo.VolumeLiquid method=HEOS_FIT				0.00240388	
propan-1-ol	pcrit_kpa	vle	coverage-gap		unavailable	6759.95	ok	5169	ok	chemicals.Pc (experimental)				0.23535	
propan-1-ol	tboil_c	vle	coverage-gap		unavailable	97.187	ok	97.04	ok	chemicals.Tb (experimental normal boiling point)				0.147024	
propan-1-ol	tcrit_k	vle	coverage-gap		unavailable	552.509	ok	536.8	ok	chemicals.Tc (experimental)				0.0284317	
propan-1-ol@25C	dhvap_kj_mol	vle	coverage-gap		unavailable	48.3122	ok	47.9371	ok	thermo.EnthalpyVaporization method=DIPPR_PERRY_8E	48.4919			0.00776544	
propan-1-ol@25C	psat_kpa	vle	coverage-gap		unavailable	2.78782	ok	2.7991	ok	thermo.VaporPressure method=WAGNER_MCGARRY	2.75813			0.00402864	
propan-1-ol@25C	rho_liq_mol_m3	vle	coverage-gap		unavailable	13309.9	ok	13303.9	ok	thermo.VolumeLiquid method=DIPPR_PERRY_8E	13096.6			0.000456271	
propan-1-ol@60C	dhvap_kj_mol	vle	coverage-gap		unavailable	45.1944	ok	45.0619	ok	thermo.EnthalpyVaporization method=DIPPR_PERRY_8E	45.4149			0.00293019	
propan-1-ol@60C	psat_kpa	vle	coverage-gap		unavailable	20.4366	ok	20.3119	ok	thermo.VaporPressure method=WAGNER_MCGARRY	20.4051			0.00609903	
propan-1-ol@60C	rho_liq_mol_m3	vle	coverage-gap		unavailable	12784.3	ok	12783.1	ok	thermo.VolumeLiquid method=DIPPR_PERRY_8E	12608.3			8.89406e-05	
propan-1-ol@97C	dhvap_kj_mol	vle	coverage-gap		unavailable	41.6499	ok	41.6084	ok	thermo.EnthalpyVaporization method=DIPPR_PERRY_8E	41.8015			0.000997165	
propan-1-ol@97C	psat_kpa	vle	coverage-gap		unavailable	100.617	ok	100.9	ok	thermo.VaporPressure method=WAGNER_MCGARRY	101.175			0.00280716	
propan-1-ol@97C	rho_liq_mol_m3	vle	coverage-gap		unavailable	12177.3	ok	12179.7	ok	thermo.VolumeLiquid method=DIPPR_PERRY_8E	12040.4			0.000196511	
propan-2-ol	pcrit_kpa	vle	coverage-gap		unavailable	6304.93	ok	4764	ok	chemicals.Pc (experimental)				0.244401	
propan-2-ol	tboil_c	vle	agree	82.2413	ok	82.2537	ok	82.21	ok	chemicals.Tb (experimental normal boiling point)			0.0123708	0.0436666	0.0312958
propan-2-ol	tcrit_k	vle	coverage-gap		unavailable	523.694	ok	508.3	ok	chemicals.Tc (experimental)				0.0293959	
propan-2-ol-water@flash	vapour_fraction	vle	single-phase-refusal	0	ok		unavailable		-						
propan-2-ol-water@x1=0.1	tbub_c	vle	feos-difference	82.3554	ok	87.2843	ok	82.3554	ok	oracle-unifac-kero		87.2843	4.92894	4.92894	0
propan-2-ol-water@x1=0.1	y1	vle	feos-difference	0.511416	ok	0.413467	ok	0.511416	ok	oracle-unifac-kero			0.0979483	0.0979483	0
propan-2-ol-water@x1=0.3	tbub_c	vle	feos-difference	81.4765	ok	84.0342	ok	81.4765	ok	oracle-unifac-kero		84.0342	2.55777	2.55777	0
propan-2-ol-water@x1=0.3	y1	vle	agree	0.537197	ok	0.52093	ok	0.537197	ok	oracle-unifac-kero			0.0162668	0.0162668	0
propan-2-ol-water@x1=0.5	tbub_c	vle	feos-difference	80.6188	ok	82.4301	ok	80.6188	ok	oracle-unifac-kero		82.4301	1.81133	1.81133	0
propan-2-ol-water@x1=0.5	y1	vle	agree	0.593406	ok	0.61206	ok	0.593406	ok	oracle-unifac-kero			0.0186533	0.0186533	0
propan-2-ol-water@x1=0.7	tbub_c	vle	feos-difference	80.2131	ok	81.5701	ok	80.2131	ok	oracle-unifac-kero		81.5701	1.35708	1.35708	0
propan-2-ol-water@x1=0.7	y1	vle	feos-difference	0.696801	ok	0.726163	ok	0.696801	ok	oracle-unifac-kero			0.0293628	0.0293628	0
propan-2-ol-water@x1=0.9	tbub_c	vle	agree	80.9643	ok	81.6535	ok	80.9643	ok	oracle-unifac-kero		81.6535	0.689147	0.689147	0
propan-2-ol-water@x1=0.9	y1	vle	feos-difference	0.863302	ok	0.885565	ok	0.863302	ok	oracle-unifac-kero			0.0222628	0.0222628	0
propan-2-ol@25C	dhvap_kj_mol	vle	coverage-gap		unavailable	46.1167	ok	45.7686	ok	thermo.EnthalpyVaporization method=DIPPR_PERRY_8E	44.8695			0.00754723	
propan-2-ol@25C	psat_kpa	vle	range-refusal		unavailable	5.83293	ok	5.77987	ok	thermo.VaporPressure method=WAGNER_MCGARRY	6.10328			0.00909521	
propan-2-ol@25C	rho_liq_mol_m3	vle	coverage-gap		unavailable	13065.9	ok	13009.9	ok	thermo.VolumeLiquid method=DIPPR_PERRY_8E	12865.4			0.00428192	
propan-2-ol@60C	dhvap_kj_mol	vle	coverage-gap		unavailable	42.6654	ok	42.3474	ok	thermo.EnthalpyVaporization method=DIPPR_PERRY_8E	41.9932			0.00745341	
propan-2-ol@60C	psat_kpa	vle	agree	38.5549	ok	38.8987	ok	38.6553	ok	thermo.VaporPressure method=WAGNER_MCGARRY	39.2003		0.00883838	0.00625652	0.00259812
propan-2-ol@60C	rho_liq_mol_m3	vle	coverage-gap		unavailable	12482	ok	12412.7	ok	thermo.VolumeLiquid method=DIPPR_PERRY_8E	12337.3			0.00554815	
propan-2-ol@82.4C	dhvap_kj_mol	vle	coverage-gap		unavailable	40.3128	ok	39.9339	ok	thermo.EnthalpyVaporization method=DIPPR_PERRY_8E	39.9385			0.00939932	
propan-2-ol@82.4C	psat_kpa	vle	agree	101.97	ok	101.912	ok	102.149	ok	thermo.VaporPressure method=WAGNER_MCGARRY	101.679		0.000567084	0.00232295	0.00175687
propan-2-ol@82.4C	rho_liq_mol_m3	vle	coverage-gap		unavailable	12074.8	ok	11998.5	ok	thermo.VolumeLiquid method=DIPPR_PERRY_8E	11967.6			0.00631211	
propane	pcrit_kpa	vle	coverage-gap		unavailable	4625.99	ok	4251.2	ok	chemicals.Pc (experimental)				0.0810173	
propane	tboil_c	vle	coverage-gap		unavailable	-42.2289	ok	-42.1138	ok	chemicals.Tb (experimental normal boiling point)				0.115164	
propane	tcrit_k	vle	coverage-gap		unavailable	375.411	ok	369.89	ok	chemicals.Tc (experimental)				0.0147076	
propane@-42.1C	dhvap_kj_mol	vle	coverage-gap		unavailable	18.8556	ok	18.7661	ok	thermo.EnthalpyVaporization method=HEOS_FIT				0.00475112	
propane@-42.1C	psat_kpa	vle	coverage-gap		unavailable	101.902	ok	101.387	ok	thermo.VaporPressure method=HEOS_FIT				0.0050562	
propane@-42.1C	rho_liq_mol_m3	vle	coverage-gap		unavailable	13180.3	ok	13173.1	ok	thermo.VolumeLiquid method=HEOS_FIT				0.000544393	
propane@-60C	dhvap_kj_mol	vle	coverage-gap		unavailable	19.6257	ok	19.5619	ok	thermo.EnthalpyVaporization method=HEOS_FIT				0.00324697	
propane@-60C	psat_kpa	vle	coverage-gap		unavailable	42.9424	ok	42.6928	ok	thermo.VaporPressure method=HEOS_FIT				0.00581262	
propane@-60C	rho_liq_mol_m3	vle	coverage-gap		unavailable	13624.6	ok	13632.5	ok	thermo.VolumeLiquid method=HEOS_FIT				0.000578133	
propane@0C	dhvap_kj_mol	vle	coverage-gap		unavailable	16.7186	ok	16.5299	ok	thermo.EnthalpyVaporization method=HEOS_FIT				0.0112868	
propane@0C	psat_kpa	vle	coverage-gap		unavailable	475.878	ok	474.459	ok	thermo.VaporPressure method=HEOS_FIT				0.00298244	
propane@0C	rho_liq_mol_m3	vle	coverage-gap		unavailable	12028.6	ok	11987.4	ok	thermo.VolumeLiquid method=HEOS_FIT				0.00342461	
propane@25C	dhvap_kj_mol	vle	coverage-gap		unavailable	15.066	ok	14.8045	ok	thermo.EnthalpyVaporization method=HEOS_FIT				0.0173582	
propane@25C	psat_kpa	vle	coverage-gap		unavailable	954.262	ok	952.079	ok	thermo.VaporPressure method=HEOS_FIT				0.00228791	
propane@25C	rho_liq_mol_m3	vle	coverage-gap		unavailable	11213.2	ok	11165.8	ok	thermo.VolumeLiquid method=HEOS_FIT				0.00422898	
toluene	pcrit_kpa	vle	coverage-gap		unavailable	4845.23	ok	4126.3	ok	chemicals.Pc (experimental)				0.148379	
toluene	tboil_c	vle	coverage-gap		unavailable	110.459	ok	110.596	ok	chemicals.Tb (experimental normal boiling point)				0.136367	
toluene	tcrit_k	vle	coverage-gap		unavailable	605.636	ok	591.75	ok	chemicals.Tc (experimental)				0.0229286	
toluene-heptane@flash	vapour_fraction	vle	coverage-gap		unavailable		unavailable		-						
toluene-heptane@x1=0.1	tbub_c	vle	coverage-gap		unavailable	98.7228	ok	98.5026	ok	oracle-unifac-corr				0.220193	
toluene-heptane@x1=0.1	y1	vle	coverage-gap		unavailable	0.08897	ok	0.0944165	ok	oracle-unifac-corr				0.00544649	
toluene-heptane@x1=0.3	tbub_c	vle	coverage-gap		unavailable	99.8008	ok	99.2562	ok	oracle-unifac-corr				0.54452	
toluene-heptane@x1=0.3	y1	vle	coverage-gap		unavailable	0.256796	ok	0.260139	ok	oracle-unifac-corr				0.00334331	
toluene-heptane@x1=0.5	tbub_c	vle	coverage-gap		unavailable	101.414	ok	100.729	ok	oracle-unifac-corr				0.684622	
toluene-heptane@x1=0.5	y1	vle	coverage-gap		unavailable	0.421259	ok	0.41506	ok	oracle-unifac-corr				0.00619956	
toluene-heptane@x1=0.7	tbub_c	vle	coverage-gap		unavailable	103.794	ok	103.152	ok	oracle-unifac-corr				0.641159	
toluene-heptane@x1=0.7	y1	vle	coverage-gap		unavailable	0.600765	ok	0.586205	ok	oracle-unifac-corr				0.0145605	
toluene-heptane@x1=0.9	tbub_c	vle	coverage-gap		unavailable	107.571	ok	107.296	ok	oracle-unifac-corr				0.27493	
toluene-heptane@x1=0.9	y1	vle	coverage-gap		unavailable	0.834294	ok	0.822431	ok	oracle-unifac-corr				0.0118632	
toluene@110.6C	dhvap_kj_mol	vle	coverage-gap		unavailable	33.6059	ok	33.2339	ok	thermo.EnthalpyVaporization method=HEOS_FIT				0.01107	
toluene@110.6C	psat_kpa	vle	coverage-gap		unavailable	101.731	ok	101.337	ok	thermo.VaporPressure method=HEOS_FIT				0.00387093	
toluene@110.6C	rho_liq_mol_m3	vle	coverage-gap		unavailable	8436.53	ok	8456.29	ok	thermo.VolumeLiquid method=HEOS_FIT				0.00233683	
toluene@25C	dhvap_kj_mol	vle	coverage-gap		unavailable	38.1346	ok	38.0395	ok	thermo.EnthalpyVaporization method=HEOS_FIT				0.00249222	
toluene@25C	psat_kpa	vle	coverage-gap		unavailable	3.80263	ok	3.79929	ok	thermo.VaporPressure method=HEOS_FIT				0.000876727	
toluene@25C	rho_liq_mol_m3	vle	coverage-gap		unavailable	9305.77	ok	9358.08	ok	thermo.VolumeLiquid method=HEOS_FIT				0.00558953	
toluene@60C	dhvap_kj_mol	vle	coverage-gap		unavailable	36.3073	ok	36.1325	ok	thermo.EnthalpyVaporization method=HEOS_FIT				0.00481263	
toluene@60C	psat_kpa	vle	coverage-gap		unavailable	18.5848	ok	18.5402	ok	thermo.VaporPressure method=HEOS_FIT				0.00239769	
toluene@60C	rho_liq_mol_m3	vle	coverage-gap		unavailable	8956.9	ok	8999.82	ok	thermo.VolumeLiquid method=HEOS_FIT				0.00476911	
water	pcrit_kpa	vle	coverage-gap		unavailable	30213.4	ok	22064	ok	chemicals.Pc (experimental)				0.269728	
water	tboil_c	vle	agree	99.997	ok	100.239	ok	99.9743	ok	chemicals.Tb (experimental normal boiling point)			0.242167	0.264895	0.0227279
water	tcrit_k	vle	coverage-gap		unavailable	677.938	ok	647.096	ok	chemicals.Tc (experimental)				0.0454934	
water@100C	dhvap_kj_mol	vle	coverage-gap		unavailable	40.2893	ok	40.6497	ok	thermo.EnthalpyVaporization method=HEOS_FIT	40.485			0.00886714	
water@100C	psat_kpa	vle	agree	101.336	ok	100.462	ok	101.418	ok	thermo.VaporPressure method=IAPWS_PSAT	100.89		0.00862378	0.00942716	0.000810373
water@100C	rho_liq_mol_m3	vle	parameter-difference		unavailable	53477	ok	53196.7	ok	thermo.VolumeLiquid method=HEOS_FIT	48755.5			0.00524108	
water@25C	dhvap_kj_mol	vle	coverage-gap		unavailable	43.4225	ok	43.9874	ok	thermo.EnthalpyVaporization method=HEOS_FIT	42.711			0.0128424	
water@25C	psat_kpa	vle	agree	3.15791	ok	3.18599	ok	3.16993	ok	thermo.VaporPressure method=IAPWS_PSAT	3.31153		0.00881343	0.00503985	0.00379269
water@25C	rho_liq_mol_m3	vle	parameter-difference		unavailable	57245.7	ok	55344.6	ok	thermo.VolumeLiquid method=HEOS_FIT	51177.8			0.0332094	
water@300K,1.01325e+06Pa	molar_volume_m3_mol	peng-robinson	agree	0.00201306	ok	0.00201306	ok	0.00201306	ok	thermo.eos.PR			0	1.89825e-06	1.89825e-06
water@300K,1.01325e+06Pa	phi	peng-robinson	agree	0.847779	ok	0.847779	ok	0.84778	ok	thermo.eos.PR			0	1.32248e-06	1.32248e-06
water@300K,1.01325e+06Pa	z_vapour	peng-robinson	agree	0.817744	ok	0.817744	ok	0.817745	ok	thermo.eos.PR			0	1.89828e-06	1.89828e-06
water@300K,1.01325e+07Pa	molar_volume_m3_mol	peng-robinson	agree	2.12294e-05	ok	2.12294e-05	ok	2.12282e-05	ok	thermo.eos.PR			4.71045e-11	5.57665e-05	5.57665e-05
water@300K,1.01325e+07Pa	phi	peng-robinson	agree	0.000323138	ok	0.000323138	ok	0.000322998	ok	thermo.eos.PR			0	0.000434526	0.000434526
water@300K,1.01325e+07Pa	z_vapour	peng-robinson	agree	0.086238	ok	0.086238	ok	0.0862332	ok	thermo.eos.PR			0	5.57665e-05	5.57665e-05
water@300K,1000Pa	molar_volume_m3_mol	peng-robinson	agree	2.49396	ok	2.49396	ok	2.49396	ok	thermo.eos.PR			4.00968e-11	1.12271e-09	1.16281e-09
water@300K,1000Pa	phi	peng-robinson	agree	0.99985	ok	0.99985	ok	0.99985	ok	thermo.eos.PR			0	1.16017e-09	1.16017e-09
water@300K,1000Pa	z_vapour	peng-robinson	agree	0.99985	ok	0.99985	ok	0.99985	ok	thermo.eos.PR			0	1.17018e-09	1.17018e-09
water@300K,101325Pa	molar_volume_m3_mol	peng-robinson	agree	0.0242377	ok	0.0242377	ok	0.0242377	ok	thermo.eos.PR			0	1.2134e-07	1.2134e-07
water@300K,101325Pa	phi	peng-robinson	agree	0.984806	ok	0.984806	ok	0.984806	ok	thermo.eos.PR			0	1.18368e-07	1.18368e-07
water@300K,101325Pa	z_vapour	peng-robinson	agree	0.984582	ok	0.984582	ok	0.984583	ok	thermo.eos.PR			0	1.21331e-07	1.21331e-07
water@500K,101325Pa	molar_volume_m3_mol	peng-robinson	agree	0.0408708	ok	0.0408708	ok	0.0408708	ok	thermo.eos.PR			2.44673e-11	1.86686e-08	1.8693e-08
water@500K,101325Pa	phi	peng-robinson	agree	0.996165	ok	0.996165	ok	0.996165	ok	thermo.eos.PR			0	1.86515e-08	1.86515e-08
water@500K,101325Pa	z_vapour	peng-robinson	agree	0.996152	ok	0.996152	ok	0.996152	ok	thermo.eos.PR			0	1.86819e-08	1.86819e-08
water@500K,5e+06Pa	molar_volume_m3_mol	peng-robinson	agree	0.000640429	ok	0.000640429	ok	0.00064043	ok	thermo.eos.PR			3.1229e-11	4.3919e-07	4.39221e-07
water@500K,5e+06Pa	phi	peng-robinson	agree	0.813569	ok	0.813569	ok	0.81357	ok	thermo.eos.PR			0	7.02841e-07	7.02841e-07
water@500K,5e+06Pa	z_vapour	peng-robinson	agree	0.770259	ok	0.770259	ok	0.77026	ok	thermo.eos.PR			0	4.39215e-07	4.39215e-07
water@50C	dhvap_kj_mol	vle	coverage-gap		unavailable	42.4389	ok	42.9114	ok	thermo.EnthalpyVaporization method=HEOS_FIT	42.0657			0.0110103	
water@50C	psat_kpa	vle	agree	12.3056	ok	12.2791	ok	12.3519	ok	thermo.VaporPressure method=IAPWS_PSAT	12.521		0.00215162	0.00589937	0.00375582
water@50C	rho_liq_mol_m3	vle	parameter-difference		unavailable	56005.1	ok	54844.3	ok	thermo.VolumeLiquid method=HEOS_FIT	50377			0.0207264	
water@75C	dhvap_kj_mol	vle	coverage-gap		unavailable	41.4007	ok	41.8057	ok	thermo.EnthalpyVaporization method=HEOS_FIT	41.3246			0.0096876	
water@75C	psat_kpa	vle	agree	38.4629	ok	38.2058	ok	38.5954	ok	thermo.VaporPressure method=IAPWS_PSAT	38.5659		0.00668489	0.0100942	0.00343225
water@75C	rho_liq_mol_m3	vle	parameter-difference		unavailable	54755.6	ok	54112.1	ok	thermo.VolumeLiquid method=HEOS_FIT	49573.5			0.0117535	
